产品名称,产品昵称,简称,运营商/平台,单机/网游,细分品类
时空猎人,,SKLR,其他,网游,ARPG
阿拉德之怒,,ALDZN,其他,网游,ARPG
天天炫斗,,,腾讯,网游,ARPG
崩坏3,,,米哈游科技,网游,ARPG
龙之谷,,,腾讯,网游,ARPG
拳皇-命运,拳王,,腾讯,网游,ARPG
部落冲突 (Clash of Clans),COC,,其他,网游,COC
海岛奇兵（Boom Beach）,,,其他,网游,COC
倩女幽魂,,,网易,网游,MMO
天龙八部手游,,,腾讯,网游,MMO
永恒纪元,,,37,网游,MMO
楚留香,,,网易,网游,MMO
传奇世界3D,Legend,,腾讯,网游,MMO
剑侠世界2,,,其他,网游,MMO
烈火如歌,,,其他,网游,MMO
蜀门手游,,,其他,网游,MMO
天使纪元,,,其他,网游,MMO
武林外传,,,完美世界,网游,MMO
择天记,,,腾讯,网游,MMO
征途2,,,巨人,网游,MMO
自由幻想手游,,,腾讯,网游,MMO
王者荣耀,"农药, 王者农药",,腾讯,网游,MOBA
决战！平安京,,,网易,网游,MOBA
非人学园,,,网易,网游,MOBA
部落冲突:皇室战争,,,腾讯,网游,对战卡牌类
炉石传说,Hearthstone,,其他,网游,对战卡牌类
全民飞机大战,,,腾讯,网游,飞行射击
雷霆战机,,,腾讯,网游,飞行射击
梦幻西游手游,梦幻,,其他,网游,回合
大话西游手游,大话,,网易,网游,回合
问道,,,雷霆游戏,网游,回合
QQ飞车手机版,,,腾讯,网游,竞速
天天飞车,,,腾讯,网游,竞速
阴阳师,,,网易,网游,卡牌RPG
葫芦娃,,,其他,网游,卡牌RPG
命运-冠位指定（Fate/Grand Order）,FGO,,bilibili,网游,卡牌RPG
碧蓝航线,,,其他,网游,卡牌RPG
迷你世界,,,游讯,网游,模拟经营
我的世界,,,网易,单机,模拟经营
奇迹暖暖,,,腾讯,网游,模拟经营
恋与制作人,,,其他,网游,模拟经营
旅行青蛙,,,其他,单机,模拟经营
云裳羽衣,,,腾讯,网游,模拟经营
汤姆猫跑酷,,,其他,单机弱联网,跑酷躲避
地铁跑酷,,,其他,单机,跑酷躲避
天天酷跑,,,腾讯,网游,跑酷躲避
熊出没之熊大快跑,,,其他,单机,跑酷躲避
神偷奶爸：小黄人快跑,,,其他,单机,跑酷躲避
神庙逃亡,Temple run,,其他,单机,跑酷躲避
欢乐麻将,,,腾讯,网游,棋牌
JJ斗地主,,,其他,单机,棋牌
天天象棋,,,腾讯,网游,棋牌
腾讯桌球,,,腾讯,网游,棋牌
欢乐狼人杀,,,其他,网游,棋牌
欢乐斗地主,,,腾讯,网游,棋牌
英雄杀,,,腾讯,网游,棋牌
饭局狼人杀,,,腾讯,网游,棋牌
三国杀,,,其他,网游,棋牌
中国象棋,,,其他,网游,棋牌
荒野行动,吃鸡,,网易,网游,枪战射击
穿越火线：枪战王者,CFM,,腾讯,网游,枪战射击
终结者2：审判日,吃鸡,,网易,网游,枪战射击
魂斗罗：归来,,,腾讯,网游,枪战射击
光荣使命,,,巨人,网游,枪战射击
全民枪战,,,其他,网游,枪战射击
绝地求生：刺激战场,吃鸡,,腾讯,网游,枪战射击
绝地求生：全军出击,吃鸡,,腾讯,网游,枪战射击
保卫萝卜3,,,腾讯,网游,塔防
"保卫萝卜1,2",,,外部,单机,塔防
"植物大战僵尸1,2,全明星版本",,,其他,单机,塔防
最强NBA,篮球,,腾讯,网游,体育
FIFA足球世界杯,,,腾讯,网游,体育
实况足球,"实况, PES",,网易,网游,体育
微信小游戏（包括跳一跳，海盗来了，欢乐斗地主，损友圈等）,,,,,微信小游戏
开心消消乐,,,其他,单机,消除
天天爱消除,,,腾讯,网游,消除
宾果消消消,,,其他,单机弱联网,消除
梦幻花园,,,其他,单机弱联网,消除
海滨消消乐,,,乐元素,单机弱联网,消除
消除者联盟,,,腾讯,网游,消除
第五人格,,,网易,网游,新品类
苍之纪元,,,其他,网游,新品类
球球大作战,,,Superpop,网游,休闲益智
贪吃蛇大作战,,,武汉微派,网游,休闲益智
滚动的天空,,,其他,网游,休闲益智
欢乐球吃球,,,腾讯,网游,休闲益智
纪念碑谷,碑谷,,其他,单机,休闲益智
纪念碑谷2,,,腾讯,单机弱联网,休闲益智
快手小游戏,快手,,其他,网游,休闲益智
同桌游戏,,,其他,网游,休闲益智
节奏大师,,,腾讯,网游,音乐
别踩白块儿（钢琴块儿）,,,其他,单机,音乐
QQ炫舞,炫舞,,腾讯,网游,音乐
王国纪元,Lords,,IGG,网游,战争策略
乱世王者,,,腾讯,网游,战争策略
剑与家园,,,其他,网游,战争策略
率土之滨,,,网易,网游,战争策略
我的王朝,,,腾讯,网游,战争策略
野蛮时代,,,其他,网游,战争策略
真龙霸业,,,腾讯,网游,战争策略
Rise Up-守护你前行,,,其他,单机弱联网,休闲益智
口袋世界 离线版,,,其他,单机弱联网,ARPG
微乐吉林麻将,,,其他,网游,棋牌
牧羊人之心,,,其他,网游,模拟经营
微乐江西棋牌,,,其他,网游,棋牌
大连棋牌,,,其他,网游,棋牌
Love Balls,,,其他,单机弱联网,休闲益智
谜题发烧友,,,其他,单机弱联网,休闲益智
闲来宁夏麻将,,,其他,网游,棋牌
决战卡五星,,,其他,网游,棋牌
永不言弃3：世界,,,其他,单机弱联网,休闲益智
奥特曼英雄归来,,,其他,网游,卡牌RPG
爆炒江湖,,,其他,网游,模拟经营
暗黑大天使,,,其他,网游,ARPG
清宫无间斗,,,其他,网游,模拟经营
雷霆战神,,,其他,网游,MMO
大天使之剑H5,,,其他,网游,MMO
食之契约,,,其他,网游,卡牌RPG
王者传奇,,,其他,网游,MMO
极品芝麻官,,,其他,网游,战争策略
猪来了,,,其他,网游,休闲益智
我在大清当皇帝,,,其他,网游,战争策略
天天挂机,,,其他,网游,MMO
丽江棋牌・西元,,,其他,网游,棋牌
雀友会潮汕麻将,,,其他,网游,棋牌
微乐棋牌辽宁版,,,其他,网游,棋牌
怀化红拐弯,,,其他,网游,棋牌
极限滑板精英,,,其他,单机弱联网,体育竞技
乌兰察布麻将,,,其他,网游,棋牌
攀枝花棋牌,,,其他,网游,棋牌
幻想神域,,,其他,网游,ARPG
六月斗地主,,,其他,网游,棋牌
极光卡五星,,,其他,网游,棋牌
博雅四国军棋,,,博雅,网游,棋牌
丽水茶苑,,,其他,网游,棋牌
富裕赢三张,,,其他,网游,棋牌
棋乐昭通麻将-熟人移动麻将馆,,,其他,网游,棋牌
曲靖棋牌・西元,,,其他,网游,棋牌
越乡游嵊州麻将,,,其他,网游,棋牌
人人恩施麻将,,,其他,网游,棋牌
星悦云南麻将,,,其他,网游,棋牌
同城上饶棋牌,,,其他,网游,棋牌
永州跑胡子,,,其他,网游,棋牌
乐胡麻将,,,其他,网游,棋牌
丸子,,,其他,网游,休闲益智
博雅卡五星麻将,,,博雅,网游,棋牌
兴动齐齐哈尔麻将,,,其他,网游,棋牌
霸略征战,,,其他,网游,战争策略
兜趣景德镇麻将,,,其他,网游,棋牌
天天捕鱼,,,其他,网游,休闲益智
口袋斗地主,,,其他,网游,棋牌
单机斗地主2017,,,其他,单机弱联网,棋牌
卧龙吟,,,其他,网游,战争策略
郴州字牌,,,其他,网游,棋牌
瓜瓜・丰城棋牌,,,其他,网游,棋牌
牛总管,,,其他,网游,棋牌
皮皮湖南麻将,,,其他,网游,棋牌
儿童泡泡龙游戏,,,其他,单机弱联网,消除
多乐中国象棋,,,其他,网游,棋牌
阿拉斗牛,,,其他,网游,棋牌
胡一把呼包鄂麻将,,,其他,网游,棋牌
QQ狼人杀,,,腾讯,网游,棋牌
羽毛球大乱斗,,,其他,单机弱联网,体育竞技
榆林打锅子,,,其他,网游,棋牌
微乐捉鸡麻将,,,其他,网游,棋牌
亲友益阳棋牌,,,其他,网游,棋牌
蜘蛛纸牌,,,其他,单机弱联网,棋牌
狂暴之翼,,,其他,网游,ARPG
波克安徽麻将,,,波克,网游,棋牌
长治麻将,,,其他,网游,棋牌
打牌吧,,,其他,网游,棋牌
中原河北麻将,,,其他,网游,棋牌
拖拉机升级,,,其他,网游,棋牌
博乐填大坑,,,其他,网游,棋牌
正版字牌,,,其他,网游,棋牌
天域至尊,,,其他,网游,ARPG
途游四国军棋,,,其他,网游,棋牌
弈乐贵州麻将,,,其他,网游,棋牌
湖南快乐打筒子扑克,,,其他,网游,棋牌
龙腾内蒙麻将,,,其他,网游,棋牌
植物暴击僵尸,,,其他,单机弱联网,塔防
友间麻将,,,其他,网游,棋牌
口袋川麻,,,其他,网游,棋牌
老K跑胡子,,,其他,网游,棋牌
泸州大贰,,,其他,网游,棋牌
我是掼蛋王,,,其他,网游,棋牌
丫丫湖南麻将,,,其他,网游,棋牌
欢乐天天斗地主,,,其他,网游,棋牌
闪闪跑胡子全集,,,其他,网游,棋牌
八闽福建麻将,,,其他,网游,棋牌
闲来安徽麻将,,,其他,网游,棋牌
口袋斗牛,,,其他,网游,棋牌
霸王龙模拟器3D,,,其他,单机弱联网,模拟经营
欢乐途游斗地主,,,其他,网游,棋牌
松鼠家乡棋牌,,,其他,网游,棋牌
亲友常德棋牌,,,其他,网游,棋牌
看图猜成语,,,其他,单机弱联网,休闲益智
万圣节化妆舞会,,,其他,单机弱联网,休闲益智
鱼丸游戏,,,其他,网游,棋牌
正宗中国麻将,,,其他,网游,棋牌
飞行棋,,,其他,单机弱联网,棋牌
土豪金麻将,,,其他,网游,棋牌
猜成语字谜,,,其他,单机弱联网,休闲益智
双人对战游戏,,,其他,网游,休闲益智
皮皮跑得快,,,其他,网游,棋牌
孔明卡五星,,,其他,网游,棋牌
还有这种操作2,,,其他,单机弱联网,休闲益智
天天斗地主,,,其他,网游,棋牌
克鲁赛德战记,,,其他,网游,ARPG
大唐河北麻将,,,其他,网游,棋牌
开心爱消除,,,其他,单机弱联网,消除
酷玩麻将,,,其他,网游,棋牌
河洛杠次,,,其他,网游,棋牌
四海茶馆,,,其他,网游,棋牌
圣诞老人：骑车游戏,,,其他,单机弱联网,休闲益智
越狱(爬酷),,,其他,单机弱联网,休闲益智
一花德州扑克,,,其他,网游,棋牌
Fruit Crush2,,,其他,单机弱联网,消除
川麻圈,,,其他,网游,棋牌
电玩捕鱼,,,其他,网游,休闲益智
羽毛球高高手,,,其他,单机弱联网,体育竞技
来一把,,,其他,网游,棋牌
心悦辽宁麻将,,,其他,网游,棋牌
斗地主全民版,,,其他,网游,棋牌
极无双,,,其他,网游,ARPG
霸刀战神,,,其他,网游,ARPG
巴蜀麻将,,,其他,网游,棋牌
模拟遥控飞机,,,其他,单机弱联网,休闲益智
人鱼公主大闯关,,,其他,单机弱联网,休闲益智
山水广西麻将,,,其他,网游,棋牌
微乐捕鱼千炮版,,,其他,网游,休闲益智
章鱼抓娃娃,,,其他,单机弱联网,休闲益智
乐享四川麻将,,,其他,网游,棋牌
真人天天斗地主,,,其他,网游,棋牌
欢乐广东麻将,,,其他,网游,棋牌
捉迷藏大作战,,,其他,网游,休闲益智
火线精英OL,,,其他,网游,枪战射击
筑志红中麻将,,,其他,网游,棋牌
激战奇轮3,,,其他,单机弱联网,ARPG
爆笑虫子之消消乐,,,其他,单机弱联网,消除
巴啦啦魔法美甲2,,,其他,单机弱联网,休闲益智
猎豹模拟,,,其他,单机弱联网,模拟经营
未来飞小鸡,,,其他,网游,棋牌
亲友湖南棋牌,,,其他,网游,棋牌
我的宠物艾丽思,,,其他,单机弱联网,休闲益智
四人斗地主,,,其他,网游,棋牌
超神学院,,,其他,网游,ARPG
火影战记,,,其他,网游,ARPG
天才宠物秀,,,其他,单机弱联网,休闲益智
天天斗地主（疯狂版）,,,其他,网游,棋牌
Rush,,,其他,单机弱联网,休闲益智
黑龙江麻将,,,波克,网游,棋牌
Free Fire,,,其他,网游,枪战射击
河北家乡棋牌,,,其他,网游,棋牌
超时空机战,,,其他,网游,飞行射击
星辰奇缘,,,其他,网游,回合
永夜魔君,,,其他,网游,ARPG
海绵宝宝当大厨,,,其他,单机弱联网,休闲益智
谁是卧底online,,,其他,网游,休闲益智
赛尔号,,,其他,网游,ARPG
中至上饶麻将,,,其他,网游,棋牌
麦游斗地主,,,其他,网游,棋牌
少女前线,,,其他,网游,枪战射击
牛哔的对话,,,其他,单机弱联网,休闲益智
来来淮北麻将,,,其他,网游,棋牌
四川游戏家园,,,其他,网游,棋牌
快乐麻将,,,其他,网游,棋牌
浴血长空,,,其他,网游,枪战射击
完美做蛋糕店,,,其他,单机弱联网,休闲益智
哥哥斗地主,,,其他,网游,棋牌
蛙蛙斗地主,,,其他,网游,棋牌
牛元帅,,,其他,网游,棋牌
贪吃蛇大决战,,,其他,单机弱联网,休闲益智
肥皂大作战,,,其他,单机弱联网,休闲益智
快乐牛牛,,,其他,网游,棋牌
多乐贵阳捉鸡麻将,,,其他,网游,棋牌
巴啦啦小魔仙幻彩美妆,,,其他,单机弱联网,休闲益智
欢乐斗地主（最新版）,,,其他,网游,棋牌
金手指捕鱼,,,其他,网游,休闲益智
买房记,,,其他,单机弱联网,模拟经营
百乐捕鱼,,,其他,网游,休闲益智
西游记之大圣归来,,,其他,网游,ARPG
史上最坑爹的游戏3,,,其他,单机弱联网,休闲益智
变形金刚:地球之战,,,其他,网游,战争策略
麻友圈贵阳捉鸡麻将,,,其他,网游,棋牌
多乐跑胡子,,,其他,网游,棋牌
京门风月,,,其他,网游,模拟经营
史小坑的烦恼2,,,其他,单机弱联网,休闲益智
猪猪侠之五灵酷跑,,,其他,单机弱联网,跑酷躲避
史上最坑爹的游戏15,,,其他,单机弱联网,休闲益智
全民抓抓乐,,,其他,单机弱联网,休闲益智
梦幻传说,,,其他,网游,回合
三国点将录,,,其他,网游,战争策略
人鱼公主美妆秀,,,其他,单机弱联网,模拟经营
3D出租车驾驶员,,,其他,单机弱联网,模拟经营
轻松跑得快,,,其他,网游,棋牌
大头儿子2乐园酷跑,,,其他,单机弱联网,跑酷躲避
香肠派对,,,其他,网游,枪战射击
江湖风云录,,,其他,网游,ARPG
焚天决,,,其他,网游,ARPG
求生之王,,,其他,网游,枪战射击
兽王争霸,,,其他,单机弱联网,对战卡牌类
魔域手游,,,其他,网游,MMO
一起麻将,,,其他,网游,棋牌
超级飞侠环球大冒险,,,其他,单机弱联网,休闲益智
3D卡车司机专业版,,,其他,单机弱联网,赛车竞速
狙神荣耀,,,其他,网游,枪战射击
叮叮抓娃娃,,,其他,单机弱联网,休闲益智
超级幻影猫2,,,其他,单机弱联网,休闲益智
恐龙神奇宝贝,,,其他,单机弱联网,模拟经营
连连看,,,其他,单机弱联网,消除
三国杀OL,,,其他,网游,棋牌
心动小狗,,,其他,单机弱联网,模拟经营
史上最坑爹的游戏9,,,其他,单机弱联网,休闲益智
欢乐泡泡龙,,,其他,单机弱联网,消除
全民数独,,,其他,单机弱联网,休闲益智
天天单机斗地主,,,其他,单机弱联网,棋牌
Hair Salon 3,,,其他,单机弱联网,休闲益智
捕鱼比赛,,,其他,网游,休闲益智
巴啦啦魔法蛋糕2,,,其他,单机弱联网,休闲益智
灵魂撕裂,,,其他,网游,ARPG
巴啦啦小魔仙魔法美甲,,,其他,单机弱联网,休闲益智
猎鱼达人,,,腾讯,网游,休闲益智
单机斗地主,,,联众,单机弱联网,棋牌
四川麻将（血战到底）,,,其他,网游,棋牌
校园时装店,,,其他,单机弱联网,模拟经营
巴啦啦小魔仙美味蛋糕,,,其他,单机弱联网,休闲益智
巴啦啦魔法变身2,,,其他,单机弱联网,模拟经营
五子棋经典版,,,其他,单机弱联网,棋牌
火柴人大乱斗（特惠版）,,,其他,单机弱联网,ARPG
物理球,,,其他,单机弱联网,休闲益智
一起玩捕鱼,,,其他,网游,休闲益智
单机连连看,,,其他,单机弱联网,消除
欢乐真人麻将,,,其他,网游,棋牌
放置江湖,,,其他,网游,ARPG
史小坑的烦恼1:考试,,,其他,网游,休闲益智
QKA棋牌,,,其他,网游,棋牌
腾讯广东麻将,,,腾讯,网游,棋牌
超级飞侠全球大冒险,,,其他,单机弱联网,休闲益智
凯蒂环球之旅,,,腾讯,网游,消除
召唤与合成,,,其他,网游,休闲益智
300大作战,,,其他,网游,MOBA
传说对决,,,其他,网游,MOBA
捉妖记,,,其他,网游,MMO
大耳朵图图美食酷跑,,,其他,单机弱联网,跑酷躲避
城市大乱斗,,,其他,网游,休闲益智
作妖计,,,其他,网游,卡牌RPG
史上最坑爹的游戏8,,,其他,单机弱联网,休闲益智
集结号捕鱼,,,其他,网游,休闲益智
枪战英雄,,,其他,网游,枪战射击
全民乐舞,,,其他,网游,音乐舞蹈
传奇霸业,,,其他,网游,ARPG
凤凰心计,,,其他,网游,模拟经营
夏目的美丽日记,,,其他,单机弱联网,模拟经营
优乐跑胡子,,,其他,网游,棋牌
凡仙,,,其他,网游,ARPG
升级,,,其他,单机弱联网,棋牌
Frog Jump,,,其他,单机弱联网,休闲益智
Many Bricks Breaker,,,其他,单机弱联网,休闲益智
悠悠恋物语,,,其他,单机弱联网,休闲益智
地铁驾驶模拟3D,,,其他,单机弱联网,模拟经营
终极蜘蛛人英雄,,,其他,单机弱联网,ARPG
熊出没大冒险,,,其他,单机弱联网,休闲益智
Knife Hit,,,其他,单机弱联网,休闲益智
腾讯四川麻将,,,腾讯,网游,棋牌
850棋牌金蟾捕鱼,,,其他,单机弱联网,休闲益智
长生劫,,,其他,单机弱联网,休闲益智
最逵蜗番,,其他,单机弱联网,休闲益智,
机甲奥特曼,,,其他,单机弱联网,跑酷躲避
口袋妖怪单机版,,,其他,单机弱联网,ARPG
二战狙击,,,其他,网游,枪战射击
东京战纪,,,其他,网游,ARPG
暴走英雄坛,,,其他,网游,ARPG
Snake VS Block,,,其他,单机弱联网,休闲益智
熊出没4丛林冒险,,,其他,单机弱联网,跑酷躲避
小米超神,,,其他,网游,ARPG
贪吃小怪物,,,腾讯,单机弱联网,休闲益智
拳皇97OL,,,其他,网游,ARPG
抓娃娃达人,,,其他,网游,休闲益智
牵手跑胡子,,,其他,网游,棋牌
熊出没机甲熊大2,,,其他,网游,休闲益智
坦克世界闪击战,,,网易,网游,枪战射击
巴啦啦魔法变身3,,,其他,单机弱联网,休闲益智
迷宫小镇,,,其他,单机弱联网,休闲益智
龙腾传世,,,其他,网游,ARPG
火力前线,,,其他,网游,枪战射击
你胖你先吃,,,其他,网游,休闲益智
喵喵抓娃娃机,,,其他,单机弱联网,休闲益智
巴啦啦小魔仙3D,,,其他,网游,休闲益智
美美小店,,,其他,单机弱联网,模拟经营
Finger Driver,,,其他,单机弱联网,休闲益智
敢达 争锋对决,,,其他,网游,ARPG
欢乐赛车大战,,,其他,网游,休闲益智
刃心,,,其他,单机弱联网,休闲益智
Tap Tap Dash,,,其他,单机弱联网,休闲益智
火线冲突,,,其他,网游,枪战射击
浅塘,,,其他,单机弱联网,休闲益智
数独,,,其他,单机弱联网,休闲益智
加菲猫酷跑,,,其他,单机弱联网,跑酷躲避
宝宝修车店,,,其他,单机弱联网,休闲益智
流言侦探,,,其他,单机弱联网,休闲益智
东方可儿百变彩妆,,,其他,单机弱联网,休闲益智
酷跑奥特曼2,,,其他,单机弱联网,跑酷躲避
Fit,,,其他,单机弱联网,休闲益智
造梦西游4,,,其他,网游,ARPG
逃生力场,,,其他,单机弱联网,休闲益智
宿命契约,,,其他,网游,ARPG
天天爱连线,,,其他,网游,消除
巴啦啦魔法美妆2,,,其他,单机弱联网,休闲益智
撞头赛车,,,其他,单机弱联网,休闲益智
熊熊乐园奔跑吧熊大,,,其他,单机弱联网,跑酷躲避
莉比小公主之冰雪派对,,,其他,单机弱联网,休闲益智
贪吃蛇大战2048,,,其他,单机弱联网,休闲益智
熊出没之机甲熊大,,,其他,单机弱联网,飞行射击
花花姑娘之魔法花园,,,其他,单机弱联网,休闲益智
汤姆猫的摩托艇,,,其他,单机弱联网,跑酷躲避
边境之旅,,,网易,网游,模拟经营
永不言弃2,,,其他,单机弱联网,休闲益智
神兽金刚3荣耀之战,,,其他,网游,ARPG
像素涂色,,,其他,单机弱联网,休闲益智
Stick War: Legacy,,,其他,网游,模拟经营
熊出没奇幻空间,,,其他,网游,赛车竞速
捕鱼游戏王,,,其他,网游,休闲益智
魔法公主礼仪学院,,,其他,单机弱联网,休闲益智
疾风飞车世界,,,其他,网游,赛车竞速
疯狂像素人,,,其他,网游,休闲益智
不要停！八分音符酱,,,其他,网游,休闲益智
贪玩蓝月,,,其他,网游,ARPG
游龙传说,,,其他,网游,ARPG
叶罗丽公主水晶鞋,,,其他,单机弱联网,休闲益智
代号英雄,,,其他,网游,枪战射击
反斗联盟,,,爱奇艺,网游,休闲益智
官居一品,,,其他,网游,模拟经营
水果连连看,,,其他,单机弱联网,消除
华夏,,,腾讯,网游,ARPG
熊出没之熊大快跑2018,,,其他,网游,跑酷躲避
奇妙农场,,,其他,网游,模拟经营
象棋,,,其他,单机弱联网,棋牌
喵星大作战,,,其他,网游,模拟经营
全民岛主,,,腾讯,网游,休闲益智
孤岛先锋,,,网易,网游,枪战射击
猪场怼怼乐,,,网易,网游,休闲益智
奥特曼传奇英雄,,,其他,网游,ARPG
绝地求生 全军出击,,,腾讯,网游,枪战射击
梦间集,,,完美世界,网游,ARPG
偶像梦幻祭,,,腾讯,网游,模拟经营
朕的江山,,,其他,网游,战争策略
老友内蒙麻将,,,其他,网游,棋牌
星悦内蒙麻将,,,其他,网游,棋牌
星悦陕西麻将,,,其他,网游,棋牌
科乐填大坑,,,其他,网游,棋牌
正统三国,,,其他,网游,战争策略
掌上洛克,,,其他,网游,休闲益智
哈灵麻将,,,其他,网游,棋牌
道友请留步,,,其他,网游,回合
三国战纪,,,其他,网游,ARPG
闲逸河南麻将,,,其他,网游,棋牌
堆堆乐,,,其他,网游,休闲益智
加官进爵,,,其他,网游,模拟经营
豪门足球风云,,,其他,网游,体育竞技
心悦吉林麻将,,,其他,网游,棋牌
全民养猪,,,其他,网游,休闲益智
风流王爷,,,其他,网游,模拟经营
放开那三国2,,,其他,网游,卡牌RPG
超级魔幻粒子世界,,,其他,网游,休闲益智
花语学园,,,其他,网游,模拟经营
战斗机模拟飞行,,,其他,网游,飞行射击
神武3,,,其他,网游,回合
同城跑胡子,,,其他,网游,棋牌
龙王传说-斗罗大陆3(正版),,,其他,网游,ARPG
物种起源,,,其他,网游,模拟经营
魔幻粒子-炫彩烟花,,,其他,单机弱联网,休闲益智
琅琊榜：风起长林,,,爱奇艺,网游,MMO
太行麻将,,,其他,单机弱联网,棋牌
荒野求生,,,其他,网游,枪战射击
不速之客,,,其他,单机弱联网,休闲益智
正义枪战,,,其他,网游,枪战射击
街机台球大师,,,其他,单机弱联网,棋牌
三国群英传-霸王之业,,,腾讯,网游,战争策略
决斗之城,,,其他,网游,战争策略
指尖陀螺,,,其他,网游,休闲益智
永远的7日之都,,,网易,网游,ARPG
采油小怪2：生日派对,,,其他,网游,休闲益智
画你的车,,,其他,网游,休闲益智
多乐够级,,,其他,单机弱联网,棋牌
开心抓抓乐,,,其他,网游,休闲益智
仙灵觉醒,,,其他,网游,回合
神手麻将,,,其他,网游,棋牌
成语猜猜猜,,,其他,单机弱联网,休闲益智
速度与激情8,,,其他,单机弱联网,赛车竞速
小小英雄,,,其他,单机弱联网,休闲益智
叶罗丽美甲梦,,,其他,单机弱联网,休闲益智
果汁四溅2,,,其他,单机弱联网,消除
快乐小鸡,,,其他,单机弱联网,休闲益智
奇迹MU:觉醒,,,腾讯,网游,MMO
火柴人绳索英雄,,,其他,单机弱联网,ARPG
僵尸漫步,,,其他,网游,休闲益智
奥特曼传说之战,,,其他,网游,ARPG
枪火战神,,,其他,网游,枪战射击
万人斗地主,,,其他,网游,棋牌
野蛮人大作战,,,其他,网游,ARPG
我的酷跑世界,,,其他,单机弱联网,跑酷躲避
最逵蜗烦,,,其他,单机弱联网,休闲益智
猎魂觉醒,,,网易,网游,ARPG
奥特曼正义降临,,,其他,网游,ARPG
火柴人联盟2,,,其他,网游,ARPG
我的加菲猫,,,其他,网游,跑酷躲避
叫我万岁爷,,,其他,网游,模拟经营
饥饿鲨：世界,,,其他,网游,休闲益智
创造与魔法,,,其他,网游,模拟经营
Bottle Flip,,,其他,单机弱联网,休闲益智
麻将来了,,,腾讯,网游,棋牌
汤姆猫水上乐园,,,其他,网游,休闲益智
QQ飞车,,,腾讯,网游,赛车竞速
快趣抓娃娃,,,其他,网游,休闲益智
胡莱三国2,,,其他,网游,战争策略
腾讯贵州麻将,,,腾讯,网游,棋牌
长生诀,,,其他,网游,MMO
封神召唤师,,,其他,网游,卡牌RPG
昆仑墟,,,其他,网游,MMO
刀剑乱舞-ONLINE-,,,其他,网游,战争策略
地下城堡2,,,其他,网游,模拟经营
多乐跑得快,,,其他,网游,棋牌
辐射避难所,,,其他,网游,模拟经营
我的使命,,,其他,网游,战争策略
抓娃娃大作战,,,其他,网游,休闲益智
小小突击队,,,其他,网游,枪战射击
三国志2017,,,其他,网游,战争策略
开心抓娃娃,,,其他,网游,休闲益智
青云诀,,,其他,网游,MMO
捕鱼大作战,,,其他,NULL,休闲益智
满贯捕鱼,,,其他,网游,休闲益智
2048消消乐,,,其他,单机弱联网,消除
朋友局,,,其他,网游,棋牌
欢乐切水果大作战,,,其他,单机弱联网,休闲益智
大天使之剑,,,其他,网游,MMO
奶块,,,其他,网游,模拟经营
元气骑士,,,其他,网游,休闲益智
NBA LIVE,,,其他,网游,体育竞技
熹妃Q传,,,其他,网游,卡牌RPG
爱奇艺斗地主,,,其他,网游,棋牌
欢喜斗地主,,,其他,网游,棋牌
齐天战神-斗战胜佛,,,其他,网游,MMO
口袋抓娃娃,,,其他,网游,休闲益智
魔幻粒子,,,其他,网游,休闲益智
Last Day on Earth: Survival,,,其他,网游,模拟经营
Looper,,,其他,网游,休闲益智
山水云南麻将,,,其他,网游,棋牌
街机达人捕鱼,,,其他,单机弱联网,休闲益智
小闲川南棋牌,,,其他,网游,棋牌
欢乐捕鱼人,,,其他,网游,休闲益智
英雄枪战,,,其他,网游,枪战射击
途游五子棋,,,其他,网游,棋牌
电玩城捕鱼,,,其他,网游,休闲益智
战争与文明,,,其他,网游,COC类
叶罗丽精灵梦,,,其他,网游,模拟经营
贪吃蛇大战,,,其他,网游,休闲益智
僵尸榨汁机,,,其他,网游,休闲益智
登山赛车2,,,其他,单机弱联网,跑酷躲避
天天抓娃娃,,,其他,网游,休闲益智
玩呗斗牌,,,其他,网游,棋牌
怪物城堡,,,其他,网游,塔防
超级斗地主,,,波克,网游,棋牌
梦幻家园,,,其他,单机弱联网,消除
欢乐抓娃娃,,,其他,网游,休闲益智
不思议迷宫,,,其他,网游,休闲益智
小米枪战,吃鸡,,其他,网游,枪战射击
英雄战歌,,,腾讯,网游,对战卡牌类
闲逸碰胡,,,其他,网游,棋牌
九州天空城3D,,,其他,网游,MMO
苍穹变,,,其他,网游,MMO
战火与秩序,,,其他,网游,战争策略
大航海之路,,,网易,网游,MMO
圣斗士星矢-集结,,,其他,网游,MMO
火拼双扣,,,其他,网游,棋牌
传奇世界,,,腾讯,网游,MMO
皮皮斗地主,,,其他,网游,棋牌
多乐升级,,,其他,网游,棋牌
新欢乐斗地主,,,其他,网游,棋牌
欢乐真人麻将,,,其他,网游,棋牌
闲来广东麻将,,,其他,网游,棋牌
西元昆明棋牌,,,博雅,网游,棋牌
疯狂猜成语3,,,其他,单机弱联网,休闲益智
闲来贵州麻将,,,其他,网游,棋牌
闲来陕西麻将,,,其他,网游,棋牌
腾讯天天军棋,,,腾讯,网游,棋牌
熊出没之熊大农场,,,其他,单机弱联网,模拟经营
炫舞浪漫爱,,,其他,网游,音乐舞蹈
魔法门之英雄无敌:战争纪元,,,腾讯,网游,卡牌RPG
腾讯围棋,,,腾讯,网游,棋牌
泡泡精灵传奇,,,其他,单机弱联网,消除
白块儿达人,,,其他,单机弱联网,休闲益智
轩辕传奇,,,腾讯,网游,MMO
奔跑吧兄弟5-跑男小镇,,,其他,单机弱联网,跑酷躲避
生死狙击,,,其他,网游,枪战射击
怪兽消消消,,,其他,单机弱联网,消除
模拟城市:我是市长,,,其他,网游,模拟经营
寻仙手游,,,腾讯,网游,MMO
蛇蛇争霸,,,其他,网游,休闲益智
围城大作战,,,其他,网游,休闲益智
竖屏斗地主,,,其他,网游,棋牌
我的熊大熊二,,,其他,单机弱联网,模拟经营
跳舞的线,,,其他,单机弱联网,音乐舞蹈
我的汉克狗,,,其他,单机弱联网,休闲益智
最逵蜗凡,,,其他,单机弱联网,休闲益智
手狼狼人杀,,,其他,网游,棋牌
桂林字牌,,,其他,网游,棋牌
天黑狼人杀,,,其他,网游,棋牌
皮皮跑胡子,,,其他,网游,棋牌
时空召唤,,,其他,网游,MOBA
大唐麻将,,,其他,网游,棋牌
微乐贵阳捉鸡,,,其他,网游,棋牌
熊猫四川麻将,,,其他,网游,棋牌
阿瓦隆之王,,,其他,网游,战争策略
丛林大作战,,,巨人,网游,休闲益智
热血江湖,,,其他,网游,MMO
翻滚球球,,,其他,网游,休闲益智
一起来飞车,,,其他,网游,赛车竞速
弓箭手大作战,,,其他,网游,休闲益智
弹弹堂,,,腾讯,网游,休闲益智
开心斗,,,其他,网游,棋牌
光明大陆,,,网易,网游,MMO
天天狼人杀,,,其他,网游,棋牌
仙境传说RO,,,其他,网游,MMO
狼人杀,,,其他,网游,棋牌
狼人杀,,,其他,网游,棋牌
你画我猜,,,其他,网游,休闲益智
大唐无双,,,网易,网游,MMO
英魂之刃,,,其他,网游,MOBA
HIT:我守护的一切,,,其他,网游,ARPG
命运-冠位指定,,,其他,网游,卡牌RPG
微乐辽宁棋牌,,,其他,网游,棋牌
街头篮球,,,腾讯,网游,体育竞技
捕鱼来了,,,腾讯,网游,休闲益智
街篮,,,巨人,网游,体育竞技
镇魔曲,,,网易,网游,MMO
梦幻诛仙,,,腾讯,网游,回合
疯狂贪吃蛇,,,腾讯,网游,休闲益智
影之刃2,,,英雄互娱,网游,ARPG
鳄鱼小顽皮爱洗澡,,,其他,单机弱联网,休闲益智
坦克之战,,,乐逗,网游,枪战射击
永不言弃,,,其他,单机弱联网,休闲益智
炫舞时代,,,其他,网游,音乐舞蹈
炫舞时代,,,其他,网游,音乐舞蹈
完美钢琴,,,其他,单机弱联网,音乐舞蹈
天天炫舞,,,其他,网游,音乐舞蹈
随身乐队,,,其他,单机弱联网,音乐舞蹈
全民炫舞,,,腾讯,网游,音乐舞蹈
全民偶像,,,腾讯,网游,音乐舞蹈
魔法钢琴,,,博雅,单机弱联网,音乐舞蹈
迷你节奏,,,其他,单机弱联网,音乐舞蹈
恋舞OL,,,其他,网游,音乐舞蹈
乐动舞指,,,其他,单机弱联网,音乐舞蹈
乐动时代,,,其他,单机弱联网,音乐舞蹈
极品钢琴,,,其他,单机弱联网,音乐舞蹈
疯狂猜歌,,,其他,单机弱联网,音乐舞蹈
爱上钢琴,,,其他,单机弱联网,音乐舞蹈
LoveLive 学园偶像祭,,,其他,单机弱联网,音乐舞蹈
罪案现场,,,其他,单机弱联网,休闲益智
最强大脑2,,,其他,单机弱联网,休闲益智
追光者,,,腾讯,单机弱联网,休闲益智
抓娃娃,,,其他,单机弱联网,休闲益智
中国好学霸,,,其他,单机弱联网,休闲益智
Plant Nanny,,,其他,单机弱联网,休闲益智
整人专家,,,其他,单机弱联网,休闲益智
找你妹2015,,,其他,单机弱联网,休闲益智
找你妹2,,,其他,单机弱联网,休闲益智
找你妹,,,其他,单机弱联网,休闲益智
越狱兔150春天版,,,其他,单机弱联网,休闲益智
越狱,,,其他,单机弱联网,休闲益智
原版2048,,,其他,单机弱联网,休闲益智
又一个案子解决了,,,其他,单机弱联网,休闲益智
英雄难过棍子关,,,其他,单机弱联网,休闲益智
一起玩陶艺,,,其他,单机弱联网,休闲益智
一起来挂机,,,其他,单机弱联网,休闲益智
一笔画,,,其他,单机弱联网,休闲益智
药水制作师,,,其他,单机弱联网,休闲益智
炫彩方块1010!,,,其他,单机弱联网,休闲益智
星座游戏大全,,,其他,单机弱联网,休闲益智
新2048,,,其他,单机弱联网,休闲益智
小3传奇,,,其他,单机弱联网,休闲益智
Flappy Bird,,,其他,单机弱联网,休闲益智
我的汤姆猫,,,其他,单机弱联网,休闲益智
我的宠物Pou,,,其他,单机弱联网,休闲益智
我的安吉拉,,,其他,单机弱联网,休闲益智
微观世界大冒险,,,其他,单机弱联网,休闲益智
同一个世界,,,其他,单机弱联网,休闲益智
停车大师3D2,,,其他,单机弱联网,休闲益智
跳跃忍者110,,,其他,单机弱联网,休闲益智
挑战2048,,,其他,单机弱联网,休闲益智
天天街机捕鱼,,,其他,单机弱联网,休闲益智
天天捕鱼赢话费,,,其他,单机弱联网,休闲益智
汤姆猫爱安吉拉,,,其他,单机弱联网,休闲益智
水果忍者炫酷版,,,乐逗,单机弱联网,休闲益智
水果忍者免费版,,,乐逗,单机弱联网,休闲益智
水果连连看,,,其他,单机弱联网,消除
水果连连看,,,其他,单机弱联网,消除
数字123-宝宝巴士,,,其他,单机弱联网,休闲益智
数独世界,,,其他,单机弱联网,休闲益智
数独,,,其他,单机弱联网,休闲益智
史上最虐心的火柴人,,,其他,单机弱联网,休闲益智
史上最牛的游戏3,,,其他,单机弱联网,休闲益智
史上最牛的游戏2,,,其他,单机弱联网,休闲益智
史上最难强迫症游戏,,,其他,单机弱联网,休闲益智
史上最坑爹的游戏,,,其他,单机弱联网,休闲益智
失落之城,,,其他,单机弱联网,休闲益智
神偷鲍勃,,,其他,单机弱联网,休闲益智
山羊大碰撞,,,其他,单机弱联网,休闲益智
三重镇,,,乐逗,单机弱联网,消除
水果忍者萝莉版,,,其他,单机弱联网,休闲益智
全民切水果,,,腾讯,网游,休闲益智
全民砰砰砰,,,腾讯,网游,休闲益智
全民钓鱼,,,其他,单机弱联网,休闲益智
晴天小狗,,,其他,单机弱联网,模拟经营
切水果2-完美版,,,其他,单机弱联网,休闲益智
切！水果达人,,,其他,单机弱联网,休闲益智
千炮捕鱼大赛,,,其他,单机弱联网,休闲益智
千炮捕鱼,,,其他,单机弱联网,休闲益智
Block Puzzle Mania,,,其他,单机弱联网,休闲益智
泡泡女巫2,,,其他,单机弱联网,休闲益智
你画我猜 中文版,,,其他,单机弱联网,休闲益智
脑力达人,,,腾讯,网游,休闲益智
单机急转弯游戏,,,其他,单机弱联网,休闲益智
陌陌捕鱼,,,其他,网游,休闲益智
密室逃亡,,,其他,单机弱联网,休闲益智
萌龙大乱斗,,,其他,单机弱联网,模拟经营
么么答,,,其他,单机弱联网,休闲益智
猫咪后院汉化版,,,其他,单机弱联网,休闲益智
老虎转转转,,,其他,单机弱联网,休闲益智
快乐家,,,其他,单机弱联网,休闲益智
快乐捕鱼,,,其他,单机弱联网,休闲益智
酷炫方块,,,其他,单机弱联网,休闲益智
恐怖之眼,,,其他,单机弱联网,休闲益智
看图猜成语,,,其他,单机弱联网,休闲益智
开心水族箱,,,乐元素,单机弱联网,模拟经营
开心萌宠,,,其他,单机弱联网,休闲益智
开心捕鱼,,,其他,单机弱联网,休闲益智
聚会玩,,,其他,单机弱联网,休闲益智
精灵宝可梦 GO,,,其他,单机弱联网,休闲益智
解除封锁,,,其他,单机弱联网,休闲益智
街机千炮捕鱼,,,其他,单机弱联网,休闲益智
见缝插针,,,其他,单机弱联网,休闲益智
见缝插针,,,其他,单机弱联网,休闲益智
见缝插针,,,其他,单机弱联网,休闲益智
几何冲刺,,,其他,单机弱联网,休闲益智
饥荒：口袋版,,,其他,单机,ARPG
饥饿鲨进化,,,其他,单机弱联网,休闲益智
会说话的鹦鹉,,,其他,单机弱联网,休闲益智
会说话的汤姆猫2,,,其他,单机弱联网,休闲益智
会说话的汤姆猫,,,其他,单机弱联网,休闲益智
会说话的圣诞老人,,,其他,单机弱联网,休闲益智
会说话的猫3,,,其他,单机弱联网,休闲益智
会说话的金杰猫2,,,其他,单机弱联网,休闲益智
会说话的金杰猫,,,其他,单机弱联网,休闲益智
会说话的狗狗本,,,其他,单机弱联网,休闲益智
会说话的安吉拉,,,其他,单机弱联网,休闲益智
滑雪大冒险中国风,,,其他,单机弱联网,休闲益智
红蓝大作战2,,,其他,单机弱联网,休闲益智
合到10,,,其他,单机弱联网,休闲益智
果冻跳跃,,,其他,单机弱联网,休闲益智
鬼魂扫描器,,,其他,单机弱联网,休闲益智
光学解锁,,,其他,单机弱联网,休闲益智
跟着白线,,,其他,单机弱联网,休闲益智
割绳子玩穿越,,,其他,单机弱联网,休闲益智
割绳子2,,,其他,单机弱联网,休闲益智
割绳子：魔法,,,其他,单机弱联网,休闲益智
疯狂填字,,,其他,单机弱联网,休闲益智
疯狂来往,,,其他,单机弱联网,休闲益智
疯狂俄罗斯方块,,,其他,单机弱联网,消除
疯狂动物园,,,其他,单机弱联网,跑酷躲避
疯狂的麦咭,,,其他,单机弱联网,休闲益智
疯狂猜图,,,其他,单机弱联网,休闲益智
疯狂猜电视剧,,,其他,单机弱联网,休闲益智
疯狂猜成语2,,,其他,单机弱联网,休闲益智
疯狂猜成语,,,其他,单机弱联网,休闲益智
愤怒的小鸟嘉年华版,,,其他,单机弱联网,休闲益智
愤怒的小鸟2,,,其他,单机弱联网,休闲益智
愤怒的小鸟（中文版）,,,其他,单机弱联网,休闲益智
二十,,,其他,单机弱联网,休闲益智
儿童拖拖乐游戏,,,其他,单机弱联网,休闲益智
儿童拼图,,,其他,单机弱联网,休闲益智
儿童模式,,,其他,单机弱联网,休闲益智
儿童教育游戏,,,其他,单机弱联网,休闲益智
鳄鱼小顽皮爱洗澡2,,,触控,单机弱联网,休闲益智
鳄鱼小顽皮爱洗澡,,,触控,单机弱联网,休闲益智
俄罗斯方块_休闲对战单机版,,,其他,单机弱联网,消除
俄罗斯方块,,,其他,单机弱联网,消除
多牛百变方块,,,其他,单机弱联网,消除
钓鱼看漂,,,其他,单机弱联网,休闲益智
钓鱼发烧友,,,其他,单机弱联网,休闲益智
钓鱼大师,,,其他,单机弱联网,休闲益智
电玩捕鱼2,,,其他,单机弱联网,休闲益智
点我+1,,,掌游天下,单机弱联网,休闲益智
点脑子,,,其他,单机弱联网,休闲益智
地狱边境,,,其他,单机弱联网,休闲益智
捣蛋猪,,,其他,单机弱联网,休闲益智
单机忍者切水果,,,其他,单机弱联网,休闲益智
答题王,,,其他,单机弱联网,休闲益智
蠢蠢的死法,,,其他,单机弱联网,休闲益智
超级玛丽2,,,其他,单机弱联网,休闲益智
超级玛丽怀旧经典,,,其他,单机弱联网,跑酷躲避
超级玛丽,,,其他,单机弱联网,跑酷躲避
超级玛丽,,,其他,单机弱联网,跑酷躲避
厕所大冒险,,,其他,单机弱联网,休闲益智
Hamster Life,,,其他,单机弱联网,休闲益智
捕鱼之海底捞,,,其他,单机弱联网,休闲益智
捕鱼达人土豪金,,,触控,单机弱联网,休闲益智
波克捕鱼,,,波克,单机弱联网,休闲益智
捕鱼达人3,,,触控,单机弱联网,休闲益智
捕鱼达人2经典,,,触控,单机弱联网,休闲益智
捕鱼达人2,,,触控,单机弱联网,休闲益智
捕鱼达人,,,触控,单机弱联网,休闲益智
冰川时代大冒险,,,其他,单机弱联网,休闲益智
笨拙的忍者,,,其他,单机弱联网,休闲益智
宝宝学数字加法,,,其他,单机弱联网,休闲益智
阿达脑训练,,,其他,单机弱联网,休闲益智
momi涂色-秘密花园,,,其他,单机弱联网,休闲益智
LINE 旅咣大亨,,,其他,单机弱联网,休闲益智
Doodle Jump Plus,,,乐逗,单机弱联网,休闲益智
BB弹,,,掌游天下,单机弱联网,消除
3M捕鱼(周末版),,,其他,单机弱联网,休闲益智
3D模拟火车,,,其他,单机弱联网,休闲益智
1010!,,,其他,单机弱联网,休闲益智
钻石之星,,,其他,单机弱联网,消除
钻石矿工传奇,,,其他,单机弱联网,消除
石头传奇,,,其他,单机弱联网,消除
猪猪侠之百变联盟,,,其他,单机弱联网,消除
猪猪侠爱消除,,,其他,单机弱联网,消除
熊猫泡泡,,,其他,单机弱联网,消除
星星大爆破,,,其他,单机弱联网,消除
小鸟爆破,,,乐逗,单机弱联网,消除
小米泡泡传奇,,,其他,单机弱联网,消除
消消乐,,,其他,单机弱联网,消除
消消宠腾讯版,,,其他,单机弱联网,消除
消灭星星中文版,,,其他,单机弱联网,消除
消灭星星炫彩版,,,其他,单机弱联网,消除
消灭星星无限版,,,其他,单机弱联网,消除
消灭星星精美版,,,其他,单机弱联网,消除
消灭星星的你,,,其他,单机弱联网,消除
消灭星星传奇,,,其他,单机弱联网,消除
消灭星星2015,,,其他,单机弱联网,消除
消灭星星5高清版,,,其他,单机弱联网,消除
消灭星星4（真人PK版）,,,掌游天下,单机弱联网,消除
消灭星星3（最新版）,,,其他,单机弱联网,消除
消灭星星3糖果宝贝,,,其他,单机弱联网,消除
消灭星星3疯狂版,,,其他,单机弱联网,消除
消灭星星3代官方正版,,,其他,单机弱联网,消除
消灭星星3D版,,,其他,单机弱联网,消除
消灭星星3,,,其他,单机弱联网,消除
消灭星星2炫彩版,,,其他,单机弱联网,消除
消灭星星3（最新版）,,,其他,单机弱联网,消除
消灭星星2017,,,其他,单机弱联网,消除
消灭星星2015,,,其他,单机弱联网,消除
消灭星星2015,,,其他,单机弱联网,消除
消灭星星2015,,,其他,单机弱联网,消除
经典消星星,,,其他,单机弱联网,消除
消灭星星,,,其他,单机弱联网,消除
消灭水果星星,,,其他,单机弱联网,消除
消灭星星2,,,掌游天下,单机弱联网,消除
消灭星星☆2015抢先版,,,其他,单机弱联网,消除
消灭星星（开心版）,,,其他,单机弱联网,消除
消灭星星,,,掌游天下,单机弱联网,消除
消灭星星,,,其他,单机弱联网,消除
消灭糖果,,,其他,单机弱联网,消除
消灭糖果,,,其他,单机弱联网,消除
消灭水果,,,其他,单机弱联网,消除
消灭宝石-星星消消乐,,,其他,单机弱联网,消除
五子连珠,,,其他,单机弱联网,棋牌
甜心爱消除,,,其他,单机弱联网,消除
天天星连萌,,,腾讯,网游,消除
天天消星星,,,其他,单机弱联网,消除
天天消星星,,,其他,单机弱联网,消除
天天消糖果,,,其他,单机弱联网,消除
天天消宝石,,,其他,单机弱联网,消除
糖果消消,,,其他,单机弱联网,消除
宝石连线,,,其他,单机弱联网,消除
糖果粉碎苏打传奇,,,其他,网游,消除
糖果粉碎传奇,,,其他,网游,消除
糖果大爆炸,,,其他,单机弱联网,消除
糖果传奇,,,腾讯,网游,消除
糖粉碎:生命之书,,,其他,单机弱联网,消除
汤姆猫泡泡射手,,,其他,单机弱联网,消除
水果泡泡龙,,,其他,单机弱联网,消除
水果连连看3,,,其他,单机弱联网,消除
水果连连看,,,其他,单机弱联网,消除
水果爱闪电,,,其他,单机弱联网,消除
神魔之塔,,,腾讯,网游,卡牌RPG
全民泡泡大战,,,腾讯,网游,消除
全民大消除,,,其他,单机弱联网,消除
全民爱消除,,,其他,单机弱联网,消除
切水果消消乐,,,其他,单机弱联网,消除
七彩祖玛2,,,其他,单机弱联网,消除
七彩祖玛,,,其他,单机弱联网,消除
泡泡龙亚特兰蒂斯2,,,其他,单机弱联网,消除
泡泡龙亚特兰蒂斯,,,其他,单机弱联网,消除
泡泡龙青春版,,,其他,单机弱联网,消除
泡泡龙官方正版,,,其他,单机弱联网,消除
泡泡龙II,,,其他,单机弱联网,消除
泡泡龙3,,,其他,单机弱联网,消除
泡泡龙（喵星人来袭）,,,其他,单机弱联网,消除
啪啪泡泡龙,,,其他,单机弱联网,消除
农场英雄传奇,,,其他,单机弱联网,消除
农场消消乐,,,其他,网游,消除
陌陌熊熊消,,,其他,单机弱联网,消除
魔方爱消消,,,其他,单机弱联网,消除
魔法消消看,,,其他,单机弱联网,消除
连连看经典版,,,其他,单机弱联网,消除
连连看高清过关单机游戏,,,其他,单机弱联网,消除
来杯果汁,,,其他,单机弱联网,消除
狂热的花园2,,,其他,单机弱联网,消除
快乐点点消,,,乐逗,单机弱联网,消除
开心消消消,,,其他,单机弱联网,消除
开心消消乐迷你版,,,乐元素,单机弱联网,消除
开心糖果消消乐,,,其他,单机弱联网,消除
开心泡泡鼠,,,其他,单机弱联网,消除
开心泡泡猫,,,乐元素,单机弱联网,消除
开心泡泡龙,,,其他,单机弱联网,消除
极速连连看,,,其他,单机弱联网,消除
花儿消消乐,,,其他,单机弱联网,消除
海底消消,,,其他,单机弱联网,消除
果汁四溅,,,其他,单机弱联网,消除
水果砰砰砰,,,其他,单机弱联网,休闲益智
果蔬连连看,,,其他,单机弱联网,消除
果冻消消乐,,,其他,单机弱联网,消除
果冻奇缘,,,其他,单机弱联网,消除
怪兽克星:六边消除,,,其他,单机弱联网,消除
怪兽克星,,,其他,单机弱联网,消除
符文大师,,,其他,单机弱联网,消除
疯狂消星星,,,其他,单机弱联网,消除
疯狂消水果,,,其他,单机弱联网,消除
单机游戏消除碰碰,,,其他,单机弱联网,消除
单机游戏连连看,,,其他,单机弱联网,消除
单机消星星,,,其他,单机弱联网,消除
大头儿子开心泡泡,,,其他,单机弱联网,消除
丛林祖玛,,,其他,单机弱联网,消除
宠物消消乐,,,其他,单机弱联网,消除
宠物大营救,,,其他,单机弱联网,休闲益智
冲关泡泡龙,,,其他,单机弱联网,消除
彩球连接,,,其他,单机弱联网,消除
冰雪消消乐,,,其他,单机弱联网,消除
冰雪奇缘：冰纷乐,,,触控,单机弱联网,消除
爆走星星,,,其他,单机弱联网,消除
爱消方块,,,其他,单机弱联网,消除
消灭星星经典版,,,掌游天下,单机弱联网,消除
LINE:迪士尼消消看,,,其他,单机弱联网,消除
Jelly Splash,,,其他,单机弱联网,消除
足球经理,,,其他,单机弱联网,模拟经营
在线8球台球,,,其他,单机弱联网,棋牌
霹雳台球,,,乐逗,单机弱联网,棋牌
台球俱乐部,,,其他,单机弱联网,棋牌
台球帝国,,,其他,网游,棋牌
台球大师,,,其他,单机弱联网,棋牌
斯诺克2012,,,其他,单机弱联网,棋牌
实况足球2012,,,其他,单机弱联网,体育竞技
胜利足球,,,其他,网游,体育竞技
梦幻足球联盟,,,其他,单机弱联网,体育竞技
街头篮球 Jam City,,,其他,网游,体育竞技
火柴人足球2014,,,其他,单机弱联网,体育竞技
火柴人篮球,,,其他,单机弱联网,体育竞技
国际足球大联盟12,,,其他,单机弱联网,体育竞技
疯狂桌球,,,其他,单机弱联网,棋牌
第一触感足球2015,,,其他,单机弱联网,体育竞技
博雅台球2,,,博雅,单机弱联网,棋牌
VR网球挑战赛,,,其他,单机弱联网,体育竞技
NBA英雄,,,其他,网游,体育竞技
NBA梦之队,,,其他,网游,体育竞技
NBA2K14,,,其他,单机弱联网,体育竞技
NBA2K13,,,其他,单机弱联网,体育竞技
NBA 2K16,,,其他,单机弱联网,体育竞技
NBA 2K15,,,其他,单机弱联网,体育竞技
FIFA 15：终极队伍,,,其他,单机弱联网,体育竞技
FIFA 14,,,其他,单机弱联网,体育竞技
3D桌球,,,其他,单机弱联网,棋牌
3D Bowling,,,其他,单机弱联网,体育竞技
终极塔防,,,其他,单机弱联网,塔防
植物战僵尸王2,,,其他,单机弱联网,赛车竞速
熊出没之疯狂弹射,,,其他,单机弱联网,休闲益智
熊出没之保卫家园2,,,其他,单机弱联网,塔防
小小指挥官2,,,其他,单机弱联网,塔防
小小指挥官：二战风云,,,其他,单机弱联网,塔防
皇家守卫军:前线,,,其他,单机弱联网,塔防
王国保卫战：起源,,,其他,单机弱联网,塔防
天天来塔防,,,腾讯,网游,塔防
守卫者 II,,,其他,单机弱联网,塔防
燃烧的蔬菜季节版,,,其他,单机弱联网,塔防
燃烧的蔬菜3,,,其他,单机弱联网,塔防
燃烧的蔬菜2,,,其他,单机弱联网,塔防
全民主公,,,腾讯,网游,塔防
狂斩三国2-单机版,,,其他,单机弱联网,塔防
坚守阵地,,,其他,单机弱联网,塔防
横扫万国,,,其他,单机弱联网,塔防
果宝特攻,,,其他,单机弱联网,塔防
帝国塔防2,,,其他,单机弱联网,塔防
城堡争霸,,,腾讯,网游,COC类
城堡突袭2,,,其他,单机弱联网,塔防
暴击僵尸,,,其他,单机弱联网,塔防
主驾驶,,,其他,单机弱联网,赛车竞速
猪猪侠向前冲,,,其他,单机弱联网,跑酷躲避
猪猪侠百变飞车,,,其他,单机弱联网,跑酷躲避
终极狂飙3D漂移,,,其他,单机弱联网,赛车竞速
真实挖掘机驾驶,,,其他,单机弱联网,赛车竞速
真实滑板,,,其他,单机弱联网,跑酷躲避
一个都不能死,,,其他,单机弱联网,休闲益智
熊猫卡丁车,,,其他,单机弱联网,赛车竞速
熊出没之雪岭熊风,,,其他,单机弱联网,跑酷躲避
熊出没2,,,其他,单机弱联网,跑酷躲避
新忍者必须死2,,,网易,单机弱联网,跑酷躲避
喜羊羊快跑,,,其他,单机弱联网,跑酷躲避
涂鸦跳跃,,,其他,单机弱联网,休闲益智
天天跑酷HD,,,其他,网游,跑酷躲避
天天酷跑3D,,,腾讯,网游,跑酷躲避
天天风之旅,,,腾讯,网游,跑酷躲避
死亡战车,,,其他,单机弱联网,赛车竞速
矢量跑酷,,,其他,单机弱联网,跑酷躲避
神庙逃亡2,,,乐逗,单机弱联网,跑酷躲避
赛尔号：雷神崛起酷跑,,,乐逗,单机弱联网,跑酷躲避
忍者突袭,,,其他,单机弱联网,跑酷躲避
全民漂移,,,其他,单机弱联网,赛车竞速
跑跑卡丁车,,,其他,单机弱联网,赛车竞速
跑酷老奶奶,,,其他,单机弱联网,跑酷躲避
摩托竞技,,,其他,单机弱联网,赛车竞速
模拟极限飞行,,,其他,单机弱联网,休闲益智
模拟巴士2015,,,其他,单机弱联网,赛车竞速
猫和老鼠官方手游,,,网易,单机弱联网,跑酷躲避
老爸曾是小偷,,,其他,单机弱联网,跑酷躲避
矿车大逃亡,,,其他,单机弱联网,跑酷躲避
狂野飙车8：极速凌云,,,其他,单机弱联网,赛车竞速
狂野飙车：氮气加速,,,其他,单机弱联网,赛车竞速
快乐酷宝,,,其他,单机弱联网,跑酷躲避
口袋拉力赛,,,其他,单机弱联网,跑酷躲避
铠甲勇士之英雄传说,,,其他,单机弱联网,跑酷躲避
竞技摩托,,,其他,单机弱联网,赛车竞速
僵尸尖叫,,,掌游天下,单机弱联网,跑酷躲避
Extreme Car Driving Simulator,,,其他,单机弱联网,赛车竞速
极速摩托,,,其他,单机弱联网,赛车竞速
极品狂飙3D,,,其他,单机弱联网,跑酷躲避
极品飞车最高通缉,,,其他,单机弱联网,赛车竞速
极品飞车17：最高通缉,,,其他,单机弱联网,赛车竞速
激流快艇2,,,其他,单机弱联网,赛车竞速
激流快艇,,,其他,单机弱联网,跑酷躲避
滑雪大冒险,,,其他,单机弱联网,跑酷躲避
滑板少年,,,其他,单机弱联网,跑酷躲避
海绵宝宝大冒险,,,其他,单机弱联网,赛车竞速
疯狂喷气机,,,乐逗,单机弱联网,休闲益智
疯狂出租车：都市狂飙,,,其他,单机弱联网,赛车竞速
愤怒的老奶奶跑酷,,,其他,单机弱联网,跑酷躲避
登山赛车之天朝历险,,,其他,单机弱联网,赛车竞速
登山赛车,,,其他,单机弱联网,赛车竞速
大头儿子大冒险,,,其他,单机弱联网,跑酷躲避
城市飞车,,,其他,单机弱联网,赛车竞速
超音速飞行,,,其他,单机弱联网,跑酷躲避
超级玛丽酷跑,,,其他,单机弱联网,跑酷躲避
超级飞侠,,,其他,单机弱联网,跑酷躲避
草莓公主甜心跑酷,,,其他,单机弱联网,跑酷躲避
奔跑吧兄弟4-撕名牌大战,,,其他,单机弱联网,跑酷躲避
奔跑吧兄弟:我是车神,,,触控,单机弱联网,赛车竞速
奔跑吧兄弟 跑男来了,,,乐逗,单机弱联网,跑酷躲避
暴力摩托2,,,其他,单机弱联网,赛车竞速
暴力摩托,,,其他,单机弱联网,赛车竞速
爸爸去哪儿2,,,其他,单机弱联网,跑酷躲避
爸爸去哪儿,,,其他,单机弱联网,跑酷躲避
奥特曼-酷跑超人2,,,其他,单机弱联网,跑酷躲避
Traffic Racer,,,其他,单机弱联网,赛车竞速
Temple Run:魔境仙踪,,,触控,单机弱联网,跑酷躲避
SpeedCar,,,其他,单机弱联网,赛车竞速
Speed Moto,,,其他,单机弱联网,赛车竞速
真实赛车3,,,其他,单机弱联网,赛车竞速
NinJump Deluxe,,,其他,单机弱联网,跑酷躲避
Asphalt5,,,乐逗,单机弱联网,跑酷躲避
4D极速沙滩赛车,,,其他,单机弱联网,赛车竞速
小奥终极狂飙4,,,其他,单机弱联网,赛车竞速
3D终极狂飙3,,,其他,单机弱联网,赛车竞速
3D终极车神2,,,其他,单机弱联网,赛车竞速
3D终极车神,,,其他,单机弱联网,赛车竞速
3D真实驾驶,,,其他,单机弱联网,赛车竞速
3D霹雳飞车,,,其他,单机弱联网,赛车竞速
3D狂野飞车-极速前进,,,其他,单机弱联网,跑酷躲避
3D狂野飞车2-极速前进,,,其他,单机弱联网,赛车竞速
3D狂野飞车,,,其他,单机弱联网,赛车竞速
3D暴力摩托2,,,其他,单机弱联网,赛车竞速
3D暴力摩托,,,其他,单机弱联网,赛车竞速
紫金岛三打哈,,,其他,网游,棋牌
紫金岛跑胡子,,,其他,网游,棋牌
途游中国象棋,,,其他,网游,棋牌
蜘蛛纸牌,,,其他,单机弱联网,棋牌
蜘蛛接龙,,,其他,单机弱联网,棋牌
正宗四川麻将,,,其他,单机弱联网,棋牌
真人麻将,,,其他,单机弱联网,棋牌
真人斗地主2,,,其他,单机弱联网,棋牌
掌心牛牛,,,其他,单机弱联网,棋牌
赢话费斗地主,,,其他,网游,棋牌
博雅宜宾棋牌,,,博雅,单机弱联网,棋牌
一起斗地主,,,其他,单机弱联网,棋牌
星佳德州扑克,,,其他,单机弱联网,棋牌
小米实况麻将,,,其他,单机弱联网,棋牌
小米斗地主,,,其他,网游 ,棋牌
小奥单机斗地主2,,,其他,单机弱联网,棋牌
象棋巫师,,,其他,单机弱联网,棋牌
闲来麻将,,,其他,网游,棋牌
五子棋大师,,,其他,单机弱联网,棋牌
我爱斗地主,,,博雅,单机弱联网,棋牌
围棋练习大全,,,其他,单机弱联网,棋牌
微乐家乡棋牌,,,其他,单机弱联网,棋牌
忘忧围棋,,,其他,单机弱联网,棋牌
玩玩四川麻将,,,博雅,单机弱联网,棋牌
挖坑,,,其他,单机弱联网,棋牌
拖拉机,,,其他,单机弱联网,棋牌
土豪炸翻天,,,其他,单机弱联网,棋牌
途游斗地主,,,其他,网游,棋牌
同城游两副头,,,其他,单机弱联网,棋牌
同城游掼蛋,,,其他,单机弱联网,棋牌
同城游斗地主,,,其他,单机弱联网,棋牌
同城游打大A,,,其他,单机弱联网,棋牌
同城游保皇,,,其他,单机弱联网,棋牌
同城游,,,其他,单机弱联网,棋牌
跳棋精灵,,,其他,单机弱联网,棋牌
天天斗牛,,,其他,网游,棋牌
天天斗地主（真人版）,,,其他,网游,棋牌
天天德州,,,腾讯,网游,棋牌
随便字牌,,,其他,单机弱联网,棋牌
四川麻将,,,其他,单机弱联网,棋牌
同城游双扣,,,其他,单机弱联网,棋牌
锐游三张牌,,,其他,单机弱联网,棋牌
群星斗地主,,,其他,单机弱联网,棋牌
雀王公馆,,,其他,单机弱联网,棋牌
全民炸翻天,,,其他,单机弱联网,棋牌
千王AAA,,,其他,单机弱联网,棋牌
奇葩斗地主,,,其他,单机弱联网,棋牌
皮皮四川麻将,,,其他,单机弱联网,棋牌
南通长牌,,,其他,单机弱联网,棋牌
陌陌麻将,,,其他,网游,棋牌
明星三缺一国标版2015,,,其他,单机弱联网,棋牌
明星斗地主,,,触控,单机弱联网,棋牌
咪咕棋牌,,,其他,单机弱联网,棋牌
马上斗地主,,,联众,单机弱联网,棋牌
麻将探险之旅HD,,,其他,单机弱联网,棋牌
麻将明星3缺1,,,其他,单机弱联网,棋牌
麻将 神来也16张麻将,,,其他,单机弱联网,棋牌
萝莉大赢家,,,其他,网游,棋牌
单机斗地主（开心版）,,,联众,网游,棋牌
癞子斗地主,,,其他,单机弱联网,棋牌
快乐斗地主,,,其他,单机弱联网,棋牌
酷酷斗地主,,,其他,单机弱联网,棋牌
口袋德州扑克,,,其他,单机弱联网,棋牌
空当接龙,,,其他,单机弱联网,棋牌
开心三张,,,其他,单机弱联网,棋牌
开心斗地主,,,其他,网游,棋牌
卡五星麻将,,,其他,单机弱联网,棋牌
军棋翻翻棋,,,其他,单机弱联网,棋牌
军棋,,,其他,单机弱联网,棋牌
精品中国象棋,,,JJ,单机弱联网,棋牌
经典单机麻将,,,其他,单机弱联网,棋牌
金游掼蛋,,,其他,单机弱联网,棋牌
金榜斗地主,,,其他,单机弱联网,棋牌
街机麻将合集2,,,其他,单机弱联网,棋牌
接龙,,,其他,单机弱联网,棋牌
嘉米麻将,,,其他,单机弱联网,棋牌
吉祥长春麻将,,,其他,单机弱联网,棋牌
吉祥棋牌,,,其他,网游,棋牌
火拼德州,,,其他,网游,棋牌
皇冠赢三张,,,其他,单机弱联网,棋牌
皇冠德州扑克,,,其他,网游,棋牌
欢乐围棋,,,其他,单机弱联网,棋牌
欢乐途游麻将,,,其他,网游,棋牌
欢乐升级,,,腾讯,网游,棋牌
欢乐拼三张,,,腾讯,网游,棋牌
欢乐逗地主,,,其他,单机弱联网,棋牌
欢乐斗棋牌,,,腾讯,网游,棋牌
欢乐斗地主2017,,,其他,单机弱联网,棋牌
湖南跑得快,,,其他,单机弱联网,棋牌
国际象棋,,,其他,网游,棋牌
贵阳麻将-抓鸡,,,其他,单机弱联网,棋牌
掼蛋,,,其他,单机弱联网,棋牌
够级,,,其他,单机弱联网,棋牌
干瞪眼,,,其他,单机弱联网,棋牌
富豪斗地主,,,其他,单机弱联网,棋牌
疯狂麻将,,,其他, 单机弱联网,棋牌
疯狂斗牛,,,其他,单机弱联网,棋牌
博雅斗牛,,,博雅,单机弱联网,棋牌
疯锄大Ｄ,,,其他,单机弱联网,棋牌
飞行棋大战,,,其他,单机弱联网,棋牌
二人斗地主,,,其他,单机弱联网,棋牌
多乐象棋,,,其他,网游,棋牌
够级,,,其他,网游,棋牌
多乐保皇,,,其他,网游,棋牌
斗牛牛,,,其他,单机弱联网,棋牌
斗地主赢话费,,,其他,单机弱联网,棋牌
斗地主-单机游戏,,,其他,单机弱联网,棋牌
斗地主（单机版）,,,其他,单机弱联网,棋牌
斗地主,,,其他,单机弱联网,棋牌
单机游戏斗地主,,,其他,单机弱联网,棋牌
单机拖拉机升级,,,其他,单机弱联网,棋牌
单机甜心麻将,,,其他,单机弱联网,棋牌
单机跑得快,,,其他,单机弱联网,棋牌
单机麻将,,,其他,单机弱联网,棋牌
单机麻将,,,其他,单机弱联网,棋牌
单机斗地主游戏,,,其他,单机弱联网,棋牌
单机斗地主-波克,,,联众,单机弱联网,棋牌
单机斗地主,,,JJ,单机弱联网,棋牌
单机斗地主,,,其他,单机弱联网,棋牌
单机斗地主,,,其他,单机弱联网,棋牌
四海单机斗地主,,,其他,单机弱联网,棋牌
单机斗地主,,,其他,单机弱联网,棋牌
大连打滚子,,,其他,单机弱联网,棋牌
单机麻将-开心版,,,联众,单机弱联网,棋牌
博雅中国象棋,,,博雅,单机弱联网,棋牌
博雅四人斗地主,,,博雅,单机弱联网,棋牌
博雅四川棋牌,,,博雅,单机弱联网,棋牌
博雅二人麻将,,,博雅,单机弱联网,棋牌
博雅斗地主,,,博雅,单机弱联网,棋牌
博雅德州扑克,,,其他,网游,棋牌
博雅锄大地,,,博雅,单机弱联网,棋牌
波克棋牌,,,波克,单机弱联网,棋牌
波克斗地主,,,波克,单机弱联网,棋牌
边锋斗地主,,,其他,网游,棋牌
豹子王,,,其他,单机弱联网,棋牌
保皇,,,其他,单机弱联网,棋牌
保皇,,,其他,单机弱联网,棋牌
百旺跑胡子,,,其他,单机弱联网,棋牌
白金岛跑得快,,,其他,网游,棋牌
暗棋2,,,其他,单机弱联网,棋牌
爱掼蛋,,,其他,单机弱联网,棋牌
欢乐五子棋,,,腾讯,网游,棋牌
QQ麻将,,,腾讯,网游,棋牌
腾讯斗地主,,,腾讯,网游,棋牌
KK欢乐斗地主,,,其他,单机弱联网,棋牌
JJ麻将,,,JJ,单机弱联网,棋牌
JJ欢乐斗地主,,,JJ,单机弱联网,棋牌
JJ德州扑克,,,JJ,单机弱联网,棋牌
JJ比赛,,,JJ,单机弱联网,棋牌
FreeCell,,,其他,单机弱联网,棋牌
沼泽派对,,,其他,单机弱联网,模拟经营
战舰少女R,,,其他,网游,模拟经营
战舰少女,,,其他,网游,卡牌RPG
要塞围城,,,其他,单机弱联网,模拟经营
小小军团,,,其他,单机弱联网,卡牌RPG
小时代（官方游戏）,,,网易,网游,模拟经营
我的世界（国际）,,,其他,单机弱联网,模拟经营
我的明星女友,,,其他,单机弱联网,模拟经营
头发沙龙2,,,其他,单机弱联网,模拟经营
甜甜萌物语,,,其他,网游,模拟经营
天天富翁,,,腾讯,网游,棋牌
水族馆,,,其他,单机弱联网,模拟经营
时尚达人,,,其他,单机弱联网,模拟经营
全民小镇,,,腾讯,网游,模拟经营
全民农场,,,腾讯,网游,模拟经营
全民闯天下,,,腾讯,网游,卡牌RPG
I LOVE PASTA（全民餐d）,,,其他,网游,模拟经营
晴天小猫,,,其他,单机弱联网,模拟经营
烹饪发烧友,,,其他,单机弱联网,模拟经营
暖暖环游世界,,,其他,网游,模拟经营
暖暖的换装物语,,,其他,单机弱联网,模拟经营
模拟山羊,,,其他,单机弱联网,模拟经营
模拟人生畅玩版,,,其他,单机弱联网,休闲益智
模拟农场16,,,其他,单机弱联网,模拟经营
模拟农场,,,其他,单机弱联网,模拟经营
模拟城市：建设,,,其他,单机弱联网,模拟经营
米拉奇战记,,,其他,单机弱联网,模拟经营
梦想城镇,,,其他,单机弱联网,模拟经营
萌娘餐厅,,,其他,单机弱联网,模拟经营
猫咖啡店,,,其他,单机弱联网,模拟经营
刘备磕头,,,其他,单机弱联网,模拟经营
料理妈妈,,,其他,单机弱联网,模拟经营
口袋战争,,,其他,网游,战争策略
开心商店,,,其他,单机弱联网,模拟经营
开心农场:糖果节,,,其他,单机弱联网,模拟经营
开心农场,,,其他,单机弱联网,模拟经营
卡通农场,,,其他,网游,模拟经营
僵尸农场-植物僵尸大乱斗,,,其他,单机弱联网,模拟经营
家园,,,其他,单机弱联网,模拟经营
皇后成长计划,,,其他,单机弱联网,模拟经营
欢乐盖大楼,,,其他,单机弱联网,模拟经营
合战忍者村,,,其他,单机弱联网,模拟经营
怪物的世界,,,其他,单机弱联网,模拟经营
怪兽传奇,,,其他,单机弱联网,模拟经营
范冰冰魔范学院,,,其他,网游,模拟经营
饭店物语,,,其他,单机弱联网,模拟经营
帝王三国,,,其他,网游,回合
大型超市,,,其他,单机弱联网,模拟经营
大海贼冒险岛,,,其他,单机弱联网,模拟经营
大富翁4Fun,,,其他,单机弱联网,模拟经营
大都市,,,其他,单机弱联网,模拟经营
吃货大食堂,,,其他,单机弱联网,模拟经营
城市岛屿3:模拟城市,,,其他,单机弱联网,模拟经营
城市岛屿2:建筑故事,,,其他,单机弱联网,模拟经营
超级女明星,,,其他,单机弱联网,模拟经营
餐厅物语,,,其他,网游,模拟经营
部落探险,,,其他,单机弱联网,模拟经营
宝宝认时钟,,,其他,单机弱联网,模拟经营
巴啦啦魔法变身,,,其他,单机弱联网,模拟经营
LINE PLAY,,,其他,网游,模拟经营
Hello Kitty 咖啡厅,,,其他,单机弱联网,模拟经营
主公莫慌,,,网易,网游,战争策略
我叫MT 2,,,腾讯,网游,卡牌RPG
我叫MT,,,触控,网游,卡牌RPG
天天爱西游,,,其他,网游,卡牌RPG
天魔幻想,,,腾讯,网游,卡牌RPG
锁链战记,,,其他,网游,卡牌RPG
十万个冷笑话,,,蓝港,网游,卡牌RPG
圣斗士星矢：重生,,,其他,网游,卡牌RPG
神之刃,,,蓝港,网游,卡牌RPG
神女控,,,其他,网游,卡牌RPG
少年三国志,,,其他,网游,卡牌RPG
三国笑传,,,腾讯,网游,卡牌RPG
极略三国,,,其他, 单机弱联网,棋牌
全民水浒,,,腾讯,网游,卡牌RPG
全民挂机,,,其他,网游,回合
去吧皮卡丘,,,其他,网游,卡牌RPG
秦时明月,,,触控,网游,卡牌RPG
魔法禁书,,,其他,网游,卡牌RPG
迷你西游,,,网易,网游,卡牌RPG
撸啊撸,,,其他,网游,卡牌RPG
究极数码暴龙,,,其他,网游,卡牌RPG
欢乐西游,,,腾讯,网游,卡牌RPG
航海王强者之路,,,其他,网游,卡牌RPG
乖离性百万亚瑟王,,,网易,网游,卡牌RPG
复仇者联盟,,,其他,网游,卡牌RPG
放开那三国,,,其他,网游,卡牌RPG
小冰冰传奇,,,其他,网游,卡牌RPG
全民神将,,,其他,网游,塔防
变形金刚:崛起,,,其他,网游,卡牌RPG
百将行,,,网易,网游,卡牌RPG
MR魔法英雄,,,其他,网游,卡牌RPG
Excel杀,,,其他, 单机弱联网,棋牌
D的意志,,,其他, 单机弱联网,卡牌RPG
COS大乱斗,,,其他,网游,卡牌RPG
诛仙,,,完美,网游,MMO
征途,,,腾讯,网游,MMO
这是我的战争,,,其他,单机弱联网,战争策略
造梦西游OL,,,其他,网游,ARPG
御龙在天,,,腾讯,网游,MMO
御剑情缘,,,其他,网游,MMO
有杀气童话,,,其他,网游,卡牌RPG
英雄战魂,,,其他,网游,ARPG
倚天屠龙记,,,其他,网游,MMO
一刀流,,,其他,网游,MMO
新仙剑奇侠传,,,其他,网游,卡牌RPG
仙侠道,,,腾讯,网游,回合
仙剑奇侠传3D回合,,,其他,网游,回合
仙剑奇侠传,,,腾讯,网游,卡牌RPG
侠盗猎车手3,,,其他,单机弱联网,ARPG
圣安地列斯,,,其他,单机弱联网,ARPG
罪恶都市,,,其他,单机弱联网,ARPG
熹妃传,,,其他,网游,卡牌RPG
卧虎藏龙,,,其他,网游,MMO
维加斯,,,其他,单机弱联网,休闲益智
忘仙,,,其他,网游,MMO
亡灵杀手:夏侯,,,触控,单机弱联网,ARPG
屠龙战神,,,其他,网游,ARPG
天下HD,,,网易,网游,ARPG
天下,,,网易,网游,MMO
天天打波利,,,其他,网游,休闲益智
天天传奇,,,腾讯,网游,卡牌RPG
天龙3D,,,畅游,网游,MMO
贪婪洞窟,,,其他, 单机弱联网,休闲益智
蜀山战纪之剑侠传奇,,,蓝港,网游,MMO
神武2,,,多益,网游,回合
神雕侠侣,,,完美,网游,回合
射雕英雄传3D,,,完美,网游,卡牌RPG
少年西游记,,,其他,网游,卡牌RPG
三剑豪,,,乐逗,网游,ARPG
热血传奇,,,腾讯,网游,MMO
全民斩仙,,,腾讯,网游,MMO
全民奇迹,,,其他,网游,MMO
全民斗战神,,,腾讯,网游,ARPG
青丘狐传说,,,其他,网游,MMO
女神联盟,,,其他,网游,卡牌RPG
魔域口袋版,,,其他,网游,MMO
魔灵召唤,,,其他,网游,卡牌RPG
梦幻口袋版,,,网易,网游,回合
梦幻互通版,,,网易,网游,回合
梦幻西游,,,网易,网游,回合
六龙争霸3D,,,腾讯,网游,MMO
黎明之光,,,蓝港,网游,ARPG
口袋英雄,,,其他,网游,卡牌RPG
酒剑仙-与萌妹野外约战,,,腾讯,网游,ARPG
进化之地,,,其他,单机弱联网,MMO
新剑与魔法,,,其他,网游,MMO
剑侠世界,,,其他,网游,MMO
剑侠情缘,,,腾讯,网游,MMO
机战王,,,乐逗,单机弱联网,ARPG
火影忍者,,,腾讯,网游,ARPG
混沌与秩序：英雄,,,其他,网游,MOBA
混沌与秩序 Online,,,其他,网游,MOBA
花千骨,,,其他,网游,ARPG
后宫甄执,,,蓝港,网游,卡牌RPG
航海王启航,,,其他,网游,卡牌RPG
果宝三国,,,乐逗,网游,ARPG
怪物×联盟2,,,其他,网游,ARPG
古龙群侠传,,,其他,网游,卡牌RPG
生存战争,,,其他,单机弱联网,休闲益智
愤怒的小鸟英雄传,,,其他,单机弱联网,休闲益智
点杀泰坦,,,其他,单机弱联网,休闲益智
大主宰,,,其他,网游,卡牌RPG
大话西游,,,网易,网游,回合
大话2口袋版,,,网易,网游,回合
潮爆三国,,,腾讯,网游,卡牌RPG
不良人,,,其他,网游,卡牌RPG
傲世西游,,,其他,网游,卡牌RPG
暗黑战神,,,其他,网游,ARPG
暗黑黎明,,,其他,网游,ARPG
艾诺迪亚4,,,其他,单机弱联网,ARPG
QQ降龙2,,,其他,网游,回合
QQ降龙,,,其他,网游,回合
自由之战,,,其他,网游,MOBA
虚荣,,,其他,网游,MOBA
全民超神,,,腾讯,网游,MOBA
未来之战,,,其他,网游,ARPG
乱斗西游2,,,网易,网游,卡牌RPG
刀塔西游,,,其他,网游,MOBA
真实武器模拟器,,,其他,单机弱联网,枪战射击
侦察坦克3D,,,其他,单机弱联网,枪战射击
战争之王,,,其他,网游,战争策略
战警:坦克游戏,,,其他,单机弱联网,枪战射击
战舰帝国,,,其他,网游,战争策略
勇闯死人谷,,,其他,单机弱联网,休闲益智
驯龙战机3D,,,腾讯,网游,飞行射击
熊出没之丛林大战2,,,其他,单机弱联网,枪战射击
熊出没之丛林大战,,,其他,单机弱联网,枪战射击
小小枪战：反恐精英,,,其他,单机弱联网,枪战射击
现代战争 5,,,其他,单机弱联网,枪战射击
无尽之战,,,其他,单机弱联网,飞行射击
天天枪战,,,其他,网游,枪战射击
坦克世界:闪电战,,,其他,单机弱联网,休闲益智
坦克前线：帝国OL,,,其他,网游,战争策略
坦克前线,,,其他,网游,战争策略
坦克1990,,,其他,单机弱联网,枪战射击
使命召唤：突击队,,,其他,单机弱联网,枪战射击
生化危机4新版,,,其他,单机弱联网,枪战射击
射箭大师 3D,,,其他,单机弱联网,休闲益智
杀手之狙击之神,,,其他,单机弱联网,枪战射击
热血奥特超人,,,其他,单机弱联网,ARPG
全民突袭,,,其他,网游,枪战射击
全民突击,,,腾讯,网游,枪战射击
全民枪战2,,,畅游,网游,枪战射击
全民枪王,,,腾讯,网游,枪战射击
全民枪神,,,其他,网游,枪战射击
奇幻射击最新版,,,其他, 单机弱联网,枪战射击
炮艇战：直升机 3D,,,其他,单机弱联网,飞行射击
炮艇战：3D战舰,,,其他,单机弱联网,飞行射击
猎鹿人2014,,,其他,单机弱联网,飞行射击
雷霆X战机2(豪华单机版),,,其他,单机弱联网,飞行射击
雷射战机,,,其他,网游,飞行射击
雷电2015(雷霆版),,,其他,单机弱联网,飞行射击
空战1945,,,其他,单机弱联网,飞行射击
巨炮战队,,,其他,网游,战争策略
狙击行动：代号猎鹰,,,其他,单机弱联网,枪战射击
精英部队,,,其他,单机弱联网,枪战射击
禁锢坦克,,,其他,单机弱联网,休闲益智
僵尸前线3D,,,其他,单机弱联网,飞行射击
剑圣无双,,,其他,单机弱联网,ARPG
机械战警,,,其他,单机弱联网,飞行射击
火线指令2,,,其他,单机弱联网,枪战射击
火线指令:诺曼底,,,其他,单机弱联网,枪战射击
火线精英3D,,,其他,单机弱联网,飞行射击
火线精英,,,其他,单机弱联网,枪战射击
魂斗罗进化革命,,,触控,单机弱联网,飞行射击
红色坦克4D,,,其他,单机弱联网,飞行射击
合金弹头无限币,,,其他,单机弱联网,枪战射击
关键任务-特警行动,,,其他,单机弱联网,枪战射击
关键任务-特警行动,,,其他,单机弱联网,枪战射击
愤怒的小鸟变形金刚,,,其他,单机弱联网,休闲益智
夺命侏罗纪,,,其他,网游,枪战射击
独立防线,,,腾讯,网游,枪战射击
巅峰战舰,,,其他,网游,战争策略
弹弹岛2,,,其他,网游,飞行射击
超级坦克大战2014,,,其他,单机弱联网,飞行射击
暴击僵尸2015,,,其他,单机弱联网,枪战射击
现代战争4,,,其他,单机弱联网,枪战射击
3D直升机-炮艇战,,,其他,单机弱联网,飞行射击
3D坦克争霸,,,其他,网游,枪战射击
罪恶之地,,,其他,单机弱联网,ARPG
正常的大冒险,,,其他,单机弱联网,休闲益智
游龙英雄,,,腾讯,网游,ARPG
勇者大冒险,,,腾讯,网游,枪战射击
英雄之剑,,,蓝港,网游,ARPG
英雄大作战,,,其他,单机弱联网,休闲益智
异形大战铁血战士 进化,,,其他,单机弱联网,ARPG
旋风少女,,,其他,网游,ARPG
无尽之剑命运,,,腾讯,网游,ARPG
天天格斗,,,其他,单机弱联网,ARPG
泰拉瑞亚,,,其他,单机弱联网,模拟经营
太极熊猫,,,其他,网游,ARPG
神魔,,,其他,网游,ARPG
杀手2-影子阴谋,,,其他,单机弱联网,ARPG
三国之刃,,,腾讯,网游,ARPG
赛尔号超级英雄,,,其他,网游,ARPG
拳皇98格斗,,,其他,单机弱联网,ARPG
拳皇98 终极之战-OL,,,腾讯,网游,卡牌RPG
拳皇97高清版,,,其他,单机弱联网,ARPG
拳皇97,,,其他,单机弱联网,ARPG
拳皇2012,,,其他,网游,ARPG
全民无双,,,腾讯,网游,ARPG
魔龙与勇士,,,腾讯,网游,ARPG
龙珠激斗（七龙珠正版手游）,,,腾讯,网游,卡牌RPG
龙之丘,,,其他,网游,ARPG
火柴人突击格斗,,,其他,单机弱联网,ARPG
恐龙快打,,,其他,单机弱联网,ARPG
恐龙快打,,,其他,单机弱联网,ARPG
看你怎么死,,,其他,单机弱联网,休闲益智
九龙战,,,腾讯,网游,ARPG
剑魂之刃,,,昆仑,网游,ARPG
火柴人联盟,,,其他,单机弱联网,ARPG
滑雪大冒险2,,,其他,单机弱联网,休闲益智
横扫西游,,,腾讯,网游,ARPG
合金弹头2,,,其他,单机弱联网,飞行射击
宫爆老奶奶2,,,腾讯,单机弱联网,休闲益智
宫爆：老奶奶家族篇,,,其他,单机弱联网,休闲益智
功夫熊猫3,,,网易,网游,ARPG
格斗江湖,,,其他,网游,ARPG
斗龙战士3龙印之战,,,其他,网游,ARPG
超级电玩城,,,其他,单机弱联网,休闲益智
超凡蜘蛛侠2,,,其他,单机弱联网,ARPG
崩坏学园2,,,其他,单机弱联网,枪战射击
暗影格斗2,,,其他,单机弱联网,ARPG
战争总动员,,,其他,网游,战争策略
战警:大国崛起,,,其他,网游,战争策略
小小帝国,,,其他,单机弱联网,战争策略
天天斗三国,,,腾讯,网游,COC类
复兴.罗马帝国,,,其他,网游,战争策略
坦克风云,,,其他,网游,战争策略
世界征服者3,,,其他,单机弱联网,战争策略
丧尸之战,,,其他,单机弱联网,战争策略
三国群英传一,,,其他,单机弱联网,战争策略
七雄争霸,,,腾讯,网游,战争策略
欧陆战争3,,,其他,单机弱联网,战争策略
陌陌争霸,,,其他,网游,战争策略
龙骑帝国,,,腾讯,网游,COC类
COK列王的纷争,,,其他,网游,战争策略
口袋妖怪复刻,,,其他,网游,ARPG
剪警王牌坦克,,,其他,单机弱联网,战争策略
剪警坦克帝国OL,,,其他,网游,战争策略
红色警戒军团,,,其他,单机弱联网,战争策略
红警2共和国崛起,,,其他,单机弱联网,战争策略
横扫千军,,,其他,网游,战争策略
海岛奇兵,,,昆仑,网游,COC类
最高警戒,,,其他,单机弱联网,战争策略
辐射:庇护所,,,其他,单机弱联网,战争策略
风云天下OL,,,其他,网游,战争策略